<?xml version="1.0"?>
<!--
/**
 * Magento
 *
 * NOTICE OF LICENSE
 *
 * This source file is subject to the Academic Free License (AFL 3.0)
 * that is bundled with this package in the file LICENSE_AFL.txt.
 * It is also available through the world-wide-web at this URL:
 * http://opensource.org/licenses/afl-3.0.php
 * If you did not receive a copy of the license and are unable to
 * obtain it through the world-wide-web, please send an email
 * to license@magento.com so we can send you a copy immediately.
 *
 * DISCLAIMER
 *
 * Do not edit or add to this file if you wish to upgrade Magento to newer
 * versions in the future. If you wish to customize Magento for your
 * needs please refer to http://www.magento.com for more information.
 *
 * @category    Mage
 * @package     Mage_Checkout
 * @copyright   Copyright (c) 2006-2016 X.commerce, Inc. and affiliates (http://www.magento.com)
 * @license     http://opensource.org/licenses/afl-3.0.php  Academic Free License (AFL 3.0)
 */
-->
<jstranslator>
    <!-- opcheckout.js -->
    <validate-guest translate="message" module="checkout">
        <message>Please choose to register or to checkout as a guest</message>
    </validate-guest>
    <validate-shipping-methods-not-available translate="message" module="checkout">
        <message>Your order cannot be completed at this time as there is no shipping methods available for it. Please make necessary changes in your shipping address.</message>
    </validate-shipping-methods-not-available>
    <validate-shipping-methods-required translate="message" module="checkout">
        <message>Please specify shipping method.</message>
    </validate-shipping-methods-required>
    <validate-payment-methods-not-available translate="message" module="checkout">
        <message>Your order cannot be completed at this time as there is no payment methods available for it.</message>
    </validate-payment-methods-not-available>
    <validate-payment-methods-required translate="message" module="checkout">
        <message>Please specify payment method.</message>
    </validate-payment-methods-required>
    <!-- end opcheckout.js -->
</jstranslator>
